{"stats":{"minecraft:broken":{"minecraft:stone_pickaxe":1,"minecraft:stone_shovel":1},"minecraft:mined":{"minecraft:birch_stairs":1,"regions_unexplored:pink_lupine":1,"regions_unexplored:yellow_lupine":1,"minecraft:dark_oak_log":1,"minecraft:crafting_table":1,"minecraft:glow_lichen":3,"regions_unexplored:peat_grass_block":3,"minecraft:grass_block":31,"minecraft:rose_bush":1,"minecraft:tall_grass":1,"minecraft:cobblestone":5,"minecraft:copper_ore":15,"minecraft:diorite":15,"minecraft:wall_torch":10,"minecraft:large_fern":3,"minecraft:furnace":3,"minecraft:birch_log":23,"minecraft:iron_ore":8,"minecraft:fire":1,"minecraft:lilac":7,"minecraft:andesite":1,"minecraft:birch_leaves":1,"minecraft:grass":7,"minecraft:coal_ore":37,"minecraft:oak_log":1,"minecraft:sand":3,"minecraft:gravel":84,"minecraft:dirt":44,"regions_unexplored:clover":4,"regions_unexplored:medium_grass":2,"minecraft:stone":115,"minecraft:oak_leaves":2,"regions_unexplored:fireweed":1},"minecraft:used":{"minecraft:cooked_mutton":2,"minecraft:stone_sword":113,"minecraft:stone_shovel":131,"minecraft:stone_pickaxe":199,"minecraft:chest":1,"minecraft:wooden_pickaxe":16,"minecraft:cooked_chicken":1,"minecraft:torch":18,"minecraft:dirt":73,"minecraft:crafting_table":6,"minecraft:wooden_axe":23,"minecraft:chicken":1,"minecraft:bread":1,"minecraft:gravel":2,"minecraft:cobblestone":8,"minecraft:furnace":6,"tombstone:gift":1,"alexsmobs:animal_dictionary":3,"minecraft:cooked_beef":1,"minecraft:birch_stairs":9},"minecraft:crafted":{"minecraft:cooked_beef":1,"minecraft:stone_shovel":1,"minecraft:crafting_table":5,"minecraft:iron_helmet":1,"minecraft:wooden_pickaxe":1,"minecraft:cooked_chicken":2,"minecraft:furnace":4,"minecraft:copper_ingot":3,"minecraft:birch_planks":72,"minecraft:cooked_mutton":1,"minecraft:glass":3,"minecraft:iron_boots":1,"minecraft:stick":20,"minecraft:iron_ingot":9,"minecraft:stone_pickaxe":3,"minecraft:wooden_axe":1,"minecraft:stone_sword":1,"minecraft:chest":1,"minecraft:birch_stairs":8,"minecraft:dark_oak_planks":4,"minecraft:torch":12},"minecraft:killed_by":{"minecraft:player":1,"minecraft:skeleton":1,"minecraft:zombie":1},"minecraft:picked_up":{"minecraft:birch_log":23,"regions_unexplored:peat_dirt":3,"minecraft:crafting_table":1,"minecraft:feather":2,"minecraft:lilac":5,"minecraft:chicken":3,"minecraft:leather":2,"minecraft:wooden_pickaxe":1,"minecraft:flint":7,"minecraft:string":1,"minecraft:dirt":80,"minecraft:raw_copper":57,"minecraft:cooked_mutton":1,"minecraft:bone":2,"minecraft:wheat_seeds":2,"minecraft:iron_ingot":1,"minecraft:beef":1,"minecraft:birch_sapling":1,"regions_unexplored:yellow_lupine":1,"minecraft:furnace":4,"minecraft:raw_iron":9,"minecraft:oak_fence":2,"minecraft:torch":11,"minecraft:gravel":70,"minecraft:birch_stairs":1,"minecraft:sand":3,"tombstone:grave_dust":1,"minecraft:diorite":10,"regions_unexplored:pink_lupine":1,"minecraft:dark_oak_log":1,"minecraft:spider_eye":2,"minecraft:arrow":4,"minecraft:rotten_flesh":7,"regions_unexplored:fireweed":1,"regions_unexplored:clover":9,"minecraft:mutton":1,"minecraft:coal":68,"minecraft:white_wool":1,"minecraft:cobblestone":182},"minecraft:killed":{"minecraft:cave_spider":1,"alexsmobs:raccoon":1,"minecraft:spider":1,"minecraft:horse":1,"minecraft:sheep":1,"minecraft:skeleton":3,"minecraft:zombie":4,"minecraft:chicken":3,"minecraft:cow":1},"minecraft:dropped":{"minecraft:iron_ingot":1,"minecraft:furnace":2,"minecraft:raw_iron":1,"minecraft:rotten_flesh":1,"minecraft:coal":1,"minecraft:diorite":9,"minecraft:wooden_pickaxe":1,"minecraft:stone_pickaxe":1,"minecraft:birch_log":1},"minecraft:custom":{"minecraft:interact_with_furnace":22,"minecraft:mob_kills":16,"minecraft:interact_with_crafting_table":19,"minecraft:leave_game":2,"minecraft:time_since_death":3240,"minecraft:time_since_rest":2783,"minecraft:sprint_one_cm":14273,"minecraft:damage_taken":1120,"minecraft:walk_one_cm":477328,"minecraft:drop":18,"minecraft:damage_dealt":2668,"minecraft:fly_one_cm":4806,"minecraft:open_chest":5,"minecraft:crouch_one_cm":168,"minecraft:play_time":82311,"tombstone:undead_killed":7,"minecraft:deaths":3,"minecraft:sneak_time":119,"minecraft:walk_under_water_one_cm":4854,"minecraft:jump":1011,"minecraft:walk_on_water_one_cm":5162,"minecraft:total_world_time":82311,"minecraft:fall_one_cm":7564}},"DataVersion":3465}