{"stats":{"minecraft:killed":{"minecraft:pig":1},"minecraft:used":{"minecraft:stone_pickaxe":22,"minecraft:wooden_pickaxe":25,"minecraft:crafting_table":2,"minecraft:furnace":1,"minecraft:oak_sapling":2,"minecraft:cooked_porkchop":2},"minecraft:custom":{"minecraft:time_since_rest":10528,"minecraft:interact_with_furnace":2,"minecraft:sprint_one_cm":19267,"minecraft:damage_taken":85,"minecraft:walk_one_cm":49464,"minecraft:mob_kills":1,"minecraft:drop":2,"minecraft:damage_dealt":115,"minecraft:talked_to_villager":2,"minecraft:swim_one_cm":11409,"minecraft:interact_with_crafting_table":6,"minecraft:fly_one_cm":33267,"minecraft:crouch_one_cm":1,"minecraft:play_time":18740,"minecraft:sneak_time":20,"minecraft:walk_under_water_one_cm":3171,"minecraft:jump":298,"minecraft:interact_with_stonecutter":1,"minecraft:leave_game":2,"minecraft:walk_on_water_one_cm":3781,"minecraft:time_since_death":18740,"minecraft:sleep_in_bed":3,"minecraft:total_world_time":18740,"minecraft:fall_one_cm":8011},"minecraft:crafted":{"minecraft:oak_planks":64,"minecraft:cooked_porkchop":3,"minecraft:crafting_table":2,"minecraft:stick":88,"minecraft:wooden_pickaxe":1,"minecraft:stone_pickaxe":1,"minecraft:furnace":1},"minecraft:mined":{"minecraft:grass":3,"minecraft:coal_ore":9,"minecraft:oak_log":16,"minecraft:gravel":4,"minecraft:stone":34},"minecraft:picked_up":{"minecraft:salmon":4,"minecraft:gravel":3,"minecraft:flint":1,"minecraft:porkchop":3,"minecraft:oak_log":16,"minecraft:ink_sac":2,"minecraft:oak_sapling":2,"minecraft:coal":9,"minecraft:cobblestone":34},"minecraft:dropped":{"minecraft:ink_sac":2}},"DataVersion":3465}