{"stats":{"minecraft:broken":{"minecraft:stone_pickaxe":6,"minecraft:stone_shovel":1},"minecraft:mined":{"regions_unexplored:willow_shrub":1,"regions_unexplored:blue_lupine":1,"regions_unexplored:pink_lupine":1,"regions_unexplored:magnolia_log":25,"minecraft:torch":2,"minecraft:granite":40,"minecraft:grass_block":128,"regions_unexplored:blackwood_log":24,"minecraft:tall_grass":1,"minecraft:cobblestone":6,"minecraft:lapis_ore":2,"minecraft:sugar_cane":1,"minecraft:oak_planks":1,"regions_unexplored:large_prismarite_cluster":3,"minecraft:wall_torch":3,"minecraft:diorite":27,"regions_unexplored:blue_bioshroom":1,"regions_unexplored:prismarite_cluster":4,"minecraft:wheat":2,"minecraft:fire":2,"minecraft:birch_log":68,"minecraft:iron_ore":53,"minecraft:birch_leaves":4,"minecraft:andesite":2,"minecraft:pumpkin":6,"minecraft:deepslate_lapis_ore":1,"minecraft:potatoes":3,"minecraft:grass":3,"minecraft:coal_ore":103,"minecraft:deepslate_iron_ore":3,"minecraft:sand":4,"minecraft:gravel":26,"minecraft:dirt":119,"minecraft:cobweb":3,"regions_unexplored:clover":6,"regions_unexplored:medium_grass":6,"regions_unexplored:blackwood_leaves":1,"minecraft:stone":714,"regions_unexplored:prismoss":1,"regions_unexplored:prismoss_sprout":1,"minecraft:oak_leaves":3,"minecraft:fern":1},"minecraft:used":{"minecraft:wheat_seeds":5,"minecraft:cooked_mutton":2,"minecraft:stone_sword":112,"minecraft:stone_shovel":193,"minecraft:stone_pickaxe":930,"regions_unexplored:large_prismarite_cluster":3,"minecraft:wooden_pickaxe":21,"minecraft:chest":1,"minecraft:shield":17,"minecraft:cooked_salmon":10,"minecraft:rotten_flesh":16,"minecraft:torch":55,"minecraft:dirt":125,"minecraft:crafting_table":9,"regions_unexplored:clover":67,"regions_unexplored:prismarite_cluster":3,"regions_unexplored:willow_shrub":1,"minecraft:iron_pickaxe":46,"minecraft:gravel":8,"minecraft:stone_axe":131,"regions_unexplored:blue_bioshroom":1,"minecraft:cobblestone":25,"minecraft:furnace":6,"minecraft:andesite":1,"tombstone:gift":2,"alexsmobs:animal_dictionary":18,"minecraft:cooked_beef":4},"minecraft:crafted":{"minecraft:cooked_beef":4,"regions_unexplored:blackwood_planks":24,"minecraft:stone_shovel":2,"minecraft:cooked_porkchop":2,"minecraft:crafting_table":9,"minecraft:wooden_pickaxe":1,"minecraft:furnace":6,"minecraft:cooked_salmon":10,"minecraft:birch_planks":76,"minecraft:stone_axe":2,"minecraft:cooked_mutton":1,"minecraft:shield":1,"minecraft:stick":80,"minecraft:iron_pickaxe":1,"minecraft:iron_ingot":17,"minecraft:stone_pickaxe":7,"minecraft:stone_sword":1,"minecraft:chest":1,"minecraft:torch":60,"regions_unexplored:magnolia_planks":100,"regions_unexplored:blackwood_wood":3},"minecraft:killed_by":{"alexsmobs:centipede_head":1,"minecraft:skeleton":1,"alexsmobs:grizzly_bear":3},"minecraft:picked_up":{"minecraft:birch_log":68,"minecraft:wheat":2,"minecraft:feather":2,"minecraft:chicken":2,"minecraft:andesite":2,"minecraft:salmon":10,"regions_unexplored:magnolia_log":25,"minecraft:leather":1,"minecraft:potato":6,"minecraft:flint":2,"regions_unexplored:blue_bioshroom":1,"tombstone:grave_key":1,"regions_unexplored:prismarite_cluster":4,"minecraft:lapis_lazuli":16,"minecraft:dirt":262,"minecraft:string":3,"minecraft:cooked_mutton":2,"regions_unexplored:large_prismarite_cluster":3,"minecraft:bone":6,"minecraft:wheat_seeds":6,"minecraft:stone_pickaxe":2,"minecraft:beef":4,"minecraft:sugar_cane":3,"minecraft:oak_planks":3,"regions_unexplored:blackwood_log":20,"minecraft:stick":2,"minecraft:raw_iron":55,"minecraft:pumpkin":6,"minecraft:oak_fence":2,"minecraft:torch":10,"minecraft:sand":4,"minecraft:gravel":34,"minecraft:porkchop":2,"minecraft:diorite":24,"minecraft:spider_eye":1,"regions_unexplored:pink_lupine":1,"alexsmobs:animal_dictionary":1,"minecraft:bundle":1,"minecraft:stone_sword":1,"minecraft:arrow":5,"minecraft:rotten_flesh":17,"regions_unexplored:willow_shrub":1,"regions_unexplored:clover":70,"minecraft:granite":33,"alexsmobs:maggot":1,"minecraft:mutton":1,"minecraft:coal":102,"minecraft:white_wool":1,"minecraft:cobblestone":649},"minecraft:killed":{"minecraft:pig":2,"minecraft:zombie_villager":1,"minecraft:salmon":12,"minecraft:spider":5,"minecraft:sheep":1,"minecraft:skeleton":4,"minecraft:zombie":18,"alexsmobs:fly":2,"minecraft:cow":2},"minecraft:dropped":{"minecraft:iron_ingot":3,"minecraft:cooked_mutton":1,"minecraft:torch":1,"tombstone:grave_key":1,"minecraft:stone_pickaxe":1},"minecraft:custom":{"minecraft:interact_with_furnace":28,"minecraft:mob_kills":47,"minecraft:interact_with_crafting_table":37,"minecraft:bell_ring":1,"minecraft:leave_game":6,"minecraft:time_since_death":50573,"minecraft:time_since_rest":50151,"minecraft:sprint_one_cm":258807,"minecraft:damage_taken":3393,"minecraft:walk_one_cm":692053,"minecraft:damage_blocked_by_shield":795,"minecraft:drop":5,"minecraft:damage_dealt":5944,"minecraft:talked_to_villager":2,"minecraft:swim_one_cm":132466,"minecraft:fly_one_cm":302995,"minecraft:open_chest":11,"minecraft:crouch_one_cm":788,"minecraft:play_time":182096,"tombstone:undead_killed":1,"minecraft:deaths":7,"minecraft:sneak_time":283,"minecraft:walk_under_water_one_cm":26606,"minecraft:jump":2874,"minecraft:walk_on_water_one_cm":27066,"minecraft:total_world_time":182096,"minecraft:fall_one_cm":55100}},"DataVersion":3465}