{"stats":{"minecraft:custom":{"minecraft:interact_with_furnace":14,"minecraft:mob_kills":45,"minecraft:interact_with_crafting_table":19,"minecraft:leave_game":1,"minecraft:time_since_death":94439,"minecraft:time_since_rest":94473,"minecraft:sprint_one_cm":119184,"minecraft:damage_taken":1820,"minecraft:walk_one_cm":288623,"minecraft:damage_blocked_by_shield":795,"minecraft:drop":1,"minecraft:damage_dealt":5524,"minecraft:swim_one_cm":120067,"minecraft:fly_one_cm":184851,"minecraft:open_chest":1,"minecraft:crouch_one_cm":703,"minecraft:play_time":95469,"minecraft:deaths":1,"minecraft:sneak_time":186,"minecraft:walk_under_water_one_cm":24134,"minecraft:jump":1337,"minecraft:walk_on_water_one_cm":21694,"minecraft:total_world_time":95469,"minecraft:fall_one_cm":30985},"minecraft:crafted":{"minecraft:cooked_beef":4,"regions_unexplored:blackwood_planks":24,"minecraft:cooked_porkchop":2,"minecraft:crafting_table":5,"minecraft:wooden_pickaxe":1,"minecraft:furnace":4,"minecraft:cooked_salmon":10,"minecraft:stone_axe":1,"minecraft:cooked_mutton":1,"minecraft:shield":1,"minecraft:stick":24,"minecraft:iron_ingot":3,"minecraft:stone_pickaxe":4,"minecraft:stone_sword":1,"minecraft:chest":1,"minecraft:torch":44,"regions_unexplored:magnolia_planks":68,"regions_unexplored:blackwood_wood":3},"minecraft:mined":{"regions_unexplored:blue_lupine":1,"regions_unexplored:pink_lupine":1,"regions_unexplored:magnolia_log":25,"minecraft:granite":33,"minecraft:grass_block":4,"regions_unexplored:blackwood_log":24,"minecraft:tall_grass":1,"minecraft:cobblestone":5,"minecraft:lapis_ore":2,"regions_unexplored:large_prismarite_cluster":3,"minecraft:diorite":12,"regions_unexplored:blue_bioshroom":1,"regions_unexplored:prismarite_cluster":4,"minecraft:iron_ore":32,"minecraft:andesite":2,"minecraft:pumpkin":6,"minecraft:deepslate_lapis_ore":1,"minecraft:grass":3,"minecraft:deepslate_iron_ore":3,"minecraft:coal_ore":41,"minecraft:gravel":3,"minecraft:dirt":18,"regions_unexplored:clover":4,"regions_unexplored:medium_grass":5,"minecraft:stone":295,"regions_unexplored:prismoss":1,"regions_unexplored:prismoss_sprout":1,"minecraft:fern":1},"minecraft:picked_up":{"minecraft:feather":2,"minecraft:chicken":2,"minecraft:andesite":2,"minecraft:salmon":10,"regions_unexplored:magnolia_log":25,"minecraft:leather":1,"regions_unexplored:blue_bioshroom":1,"minecraft:lapis_lazuli":16,"minecraft:string":2,"regions_unexplored:prismarite_cluster":4,"minecraft:dirt":39,"regions_unexplored:large_prismarite_cluster":3,"minecraft:bone":6,"minecraft:beef":4,"regions_unexplored:blackwood_log":20,"minecraft:raw_iron":35,"minecraft:pumpkin":6,"minecraft:torch":2,"minecraft:gravel":3,"minecraft:porkchop":2,"minecraft:diorite":12,"minecraft:spider_eye":1,"regions_unexplored:pink_lupine":1,"alexsmobs:animal_dictionary":1,"minecraft:arrow":5,"minecraft:rotten_flesh":15,"regions_unexplored:clover":68,"minecraft:granite":33,"alexsmobs:maggot":1,"minecraft:mutton":1,"minecraft:coal":41,"minecraft:white_wool":1,"minecraft:cobblestone":301},"minecraft:dropped":{"minecraft:torch":1},"minecraft:killed":{"minecraft:pig":2,"minecraft:zombie_villager":1,"minecraft:salmon":12,"minecraft:spider":4,"minecraft:sheep":1,"minecraft:skeleton":4,"minecraft:zombie":17,"alexsmobs:fly":2,"minecraft:cow":2},"minecraft:used":{"minecraft:cooked_mutton":1,"minecraft:stone_sword":101,"regions_unexplored:large_prismarite_cluster":3,"minecraft:stone_pickaxe":425,"minecraft:shield":17,"minecraft:chest":1,"minecraft:wooden_pickaxe":21,"minecraft:cooked_salmon":10,"minecraft:rotten_flesh":15,"minecraft:torch":38,"minecraft:dirt":8,"minecraft:crafting_table":5,"regions_unexplored:clover":65,"regions_unexplored:prismarite_cluster":3,"minecraft:stone_axe":64,"regions_unexplored:blue_bioshroom":1,"minecraft:cobblestone":16,"minecraft:furnace":4,"minecraft:andesite":1,"alexsmobs:animal_dictionary":18,"minecraft:cooked_beef":4},"minecraft:killed_by":{"alexsmobs:grizzly_bear":1},"minecraft:broken":{"minecraft:stone_pickaxe":2}},"DataVersion":3465}