{"stats":{"minecraft:custom":{"minecraft:interact_with_furnace":34,"minecraft:mob_kills":49,"minecraft:interact_with_crafting_table":19,"minecraft:leave_game":2,"minecraft:time_since_death":1853,"minecraft:sleep_in_bed":1,"minecraft:climb_one_cm":521,"minecraft:time_since_rest":1910,"minecraft:sprint_one_cm":78093,"minecraft:damage_taken":1145,"minecraft:walk_one_cm":357610,"minecraft:drop":1,"minecraft:damage_dealt":6837,"minecraft:swim_one_cm":18590,"minecraft:fly_one_cm":63423,"minecraft:deaths":1,"minecraft:open_chest":4,"minecraft:crouch_one_cm":380,"minecraft:play_time":98442,"minecraft:sneak_time":190,"minecraft:walk_under_water_one_cm":6151,"minecraft:boat_one_cm":103500,"minecraft:jump":1244,"minecraft:walk_on_water_one_cm":12332,"minecraft:total_world_time":98442,"minecraft:fish_caught":8,"minecraft:fall_one_cm":21525},"minecraft:crafted":{"minecraft:cooked_beef":6,"minecraft:cooked_cod":6,"minecraft:oak_planks":116,"minecraft:stone_shovel":1,"minecraft:cooked_porkchop":14,"minecraft:spyglass":1,"minecraft:crafting_table":5,"minecraft:wooden_pickaxe":1,"minecraft:cooked_chicken":7,"minecraft:furnace":4,"minecraft:cooked_salmon":1,"minecraft:copper_ingot":2,"minecraft:bucket":1,"minecraft:stone_axe":1,"minecraft:air":0,"minecraft:oak_boat":1,"minecraft:iron_chestplate":1,"minecraft:stick":40,"minecraft:iron_ingot":16,"minecraft:iron_pickaxe":1,"minecraft:stone_pickaxe":6,"minecraft:stone_sword":1,"minecraft:torch":84},"minecraft:mined":{"minecraft:large_amethyst_bud":1,"minecraft:amethyst_cluster":1,"regions_unexplored:dusktrap":2,"minecraft:clay":16,"minecraft:crafting_table":2,"minecraft:torch":2,"minecraft:cave_vines_plant":1,"regions_unexplored:bladed_tall_grass":1,"minecraft:grass_block":4,"minecraft:copper_ore":1,"minecraft:cobblestone":1,"minecraft:tall_grass":6,"minecraft:lapis_ore":1,"minecraft:moss_block":4,"minecraft:wall_torch":6,"minecraft:birch_log":52,"minecraft:iron_ore":48,"minecraft:birch_leaves":7,"minecraft:deepslate_lapis_ore":6,"minecraft:grass":6,"minecraft:cave_vines":1,"minecraft:deepslate_iron_ore":22,"minecraft:oak_log":27,"minecraft:coal_ore":106,"minecraft:gravel":1,"minecraft:dirt":18,"regions_unexplored:clover":4,"regions_unexplored:medium_grass":9,"minecraft:azalea":2,"regions_unexplored:small_oak_log":1,"minecraft:stone":399,"regions_unexplored:redstone_bulb":1,"regions_unexplored:bladed_grass":3,"minecraft:deepslate":46,"minecraft:fern":3},"minecraft:picked_up":{"regions_unexplored:small_oak_log":3,"minecraft:birch_log":52,"minecraft:crafting_table":2,"minecraft:feather":8,"minecraft:chicken":7,"minecraft:clay_ball":64,"minecraft:salmon":1,"minecraft:leather":3,"minecraft:oak_log":27,"minecraft:lapis_lazuli":37,"minecraft:string":6,"minecraft:dirt":39,"minecraft:raw_copper":2,"minecraft:pufferfish":1,"minecraft:bow":1,"minecraft:wheat_seeds":7,"minecraft:cobbled_deepslate":46,"minecraft:beef":6,"minecraft:azalea":2,"minecraft:moss_block":4,"minecraft:raw_iron":70,"minecraft:torch":9,"minecraft:gravel":1,"minecraft:porkchop":14,"minecraft:amethyst_shard":4,"minecraft:carrot":1,"minecraft:redstone":4,"minecraft:spider_eye":3,"regions_unexplored:dusktrap":2,"minecraft:arrow":4,"minecraft:rotten_flesh":21,"regions_unexplored:redstone_bulb":2,"regions_unexplored:clover":11,"alexsmobs:maggot":2,"minecraft:glow_berries":29,"minecraft:cod":6,"minecraft:coal":106,"minecraft:cobblestone":401},"minecraft:dropped":{"minecraft:cobblestone":1},"minecraft:killed":{"minecraft:pig":6,"minecraft:spider":8,"minecraft:skeleton":3,"minecraft:zombie":19,"minecraft:chicken":7,"alexsmobs:fly":1,"minecraft:drowned":1,"minecraft:cow":4},"minecraft:used":{"minecraft:azalea":2,"minecraft:moss_block":4,"minecraft:water_bucket":1,"minecraft:stone_sword":126,"regions_unexplored:redstone_bulb":2,"minecraft:stone_shovel":25,"minecraft:stone_pickaxe":594,"minecraft:wooden_pickaxe":59,"minecraft:cooked_salmon":1,"minecraft:cooked_chicken":7,"minecraft:torch":43,"regions_unexplored:small_oak_log":1,"minecraft:glow_berries":26,"minecraft:dirt":13,"minecraft:crafting_table":7,"regions_unexplored:dusktrap":2,"minecraft:carrot":1,"alexsmobs:maggot":2,"minecraft:bread":4,"minecraft:gravel":1,"minecraft:stone_axe":108,"minecraft:fishing_rod":8,"minecraft:cobblestone":22,"minecraft:furnace":4,"minecraft:bucket":1,"alexsmobs:animal_dictionary":2,"minecraft:oak_boat":1},"minecraft:broken":{"minecraft:stone_axe":1,"minecraft:wooden_pickaxe":1,"minecraft:stone_pickaxe":3}},"DataVersion":3465}