{"stats":{"minecraft:broken":{"minecraft:stone_sword":1,"minecraft:wooden_pickaxe":2,"minecraft:stone_pickaxe":7,"minecraft:stone_axe":2},"minecraft:mined":{"minecraft:large_amethyst_bud":1,"minecraft:tuff":3,"regions_unexplored:blue_lupine":1,"regions_unexplored:pink_lupine":1,"regions_unexplored:dusktrap":2,"minecraft:dark_oak_log":2,"minecraft:cave_vines_plant":1,"minecraft:grass_block":15,"minecraft:spruce_leaves":2,"minecraft:moss_block":4,"minecraft:sandstone":49,"minecraft:large_fern":1,"minecraft:iron_ore":83,"regions_unexplored:purple_lupine":1,"minecraft:deepslate_lapis_ore":7,"minecraft:cave_vines":1,"minecraft:deepslate_iron_ore":29,"regions_unexplored:medium_grass":14,"minecraft:azalea":2,"regions_unexplored:small_oak_log":1,"minecraft:stone":713,"regions_unexplored:bladed_grass":3,"regions_unexplored:redstone_bulb":1,"regions_unexplored:yellow_lupine":1,"minecraft:amethyst_cluster":1,"minecraft:crafting_table":3,"minecraft:clay":16,"minecraft:torch":2,"regions_unexplored:bladed_tall_grass":1,"minecraft:cobblestone":1,"minecraft:tall_grass":6,"minecraft:copper_ore":1,"minecraft:lapis_ore":5,"minecraft:diorite":21,"minecraft:wall_torch":10,"minecraft:birch_log":70,"minecraft:spruce_log":6,"minecraft:birch_leaves":7,"regions_unexplored:mauve_leaves":1,"regions_unexplored:sandy_grass":3,"minecraft:grass":9,"minecraft:oak_log":70,"minecraft:coal_ore":223,"minecraft:gravel":1,"minecraft:sand":22,"minecraft:dirt":25,"regions_unexplored:clover":7,"minecraft:oak_leaves":7,"minecraft:deepslate":172,"minecraft:fern":4},"minecraft:used":{"minecraft:azalea":2,"minecraft:moss_block":4,"minecraft:stone_sword":267,"minecraft:stone_shovel":58,"minecraft:shield":6,"minecraft:cooked_salmon":3,"minecraft:cooked_chicken":18,"minecraft:iron_chestplate":1,"minecraft:torch":77,"regions_unexplored:small_oak_log":1,"minecraft:dirt":14,"minecraft:carrot":1,"regions_unexplored:clover":4,"minecraft:tuff":3,"alexsmobs:maggot":2,"minecraft:birch_sapling":2,"minecraft:iron_helmet":1,"minecraft:iron_boots":1,"minecraft:sweet_berries":22,"minecraft:furnace":10,"minecraft:cooked_cod":4,"tombstone:gift":1,"minecraft:cooked_beef":3,"minecraft:cobbled_deepslate":2,"minecraft:iron_leggings":1,"minecraft:water_bucket":1,"regions_unexplored:redstone_bulb":2,"minecraft:stone_pickaxe":1226,"minecraft:wooden_pickaxe":118,"minecraft:sandstone":18,"minecraft:glow_berries":26,"minecraft:sand":22,"minecraft:crafting_table":15,"regions_unexplored:dusktrap":2,"minecraft:dark_oak_log":2,"minecraft:bread":5,"minecraft:gravel":1,"minecraft:stone_axe":241,"minecraft:fishing_rod":8,"minecraft:cobblestone":35,"minecraft:cooked_porkchop":2,"minecraft:bucket":1,"minecraft:oak_boat":1,"alexsmobs:animal_dictionary":2},"minecraft:crafted":{"minecraft:oak_planks":156,"minecraft:stone_shovel":2,"minecraft:spyglass":1,"minecraft:cooked_chicken":18,"minecraft:furnace":10,"minecraft:bone_meal":27,"minecraft:iron_boots":1,"minecraft:stone_pickaxe":12,"minecraft:cooked_beef":12,"minecraft:cooked_cod":6,"minecraft:cooked_porkchop":50,"minecraft:crafting_table":12,"minecraft:spruce_planks":32,"minecraft:wooden_pickaxe":2,"minecraft:iron_helmet":1,"minecraft:cooked_salmon":1,"minecraft:copper_ingot":2,"minecraft:bucket":1,"minecraft:stone_axe":3,"minecraft:bread":1,"minecraft:air":0,"minecraft:oak_boat":1,"minecraft:iron_chestplate":2,"minecraft:charcoal":19,"minecraft:shield":1,"minecraft:stick":88,"minecraft:iron_pickaxe":2,"minecraft:iron_ingot":48,"minecraft:stone_sword":2,"minecraft:iron_leggings":1,"minecraft:torch":140},"minecraft:picked_up":{"regions_unexplored:small_oak_log":3,"minecraft:crafting_table":3,"minecraft:chicken":18,"minecraft:clay_ball":64,"minecraft:music_disc_cat":1,"minecraft:string":10,"minecraft:raw_copper":2,"minecraft:pufferfish":1,"minecraft:cobbled_deepslate":172,"minecraft:beef":12,"minecraft:azalea":2,"minecraft:birch_sapling":2,"minecraft:raw_iron":112,"minecraft:sandstone":18,"minecraft:torch":13,"sophisticatedbackpacks:backpack":1,"minecraft:porkchop":54,"tombstone:grave_dust":5,"minecraft:diorite":21,"minecraft:carrot":1,"minecraft:redstone":4,"regions_unexplored:dusktrap":2,"minecraft:arrow":17,"minecraft:rotten_flesh":29,"regions_unexplored:redstone_bulb":2,"minecraft:glow_berries":29,"minecraft:cod":6,"minecraft:cobblestone":723,"minecraft:birch_log":70,"minecraft:feather":21,"minecraft:salmon":1,"minecraft:leather":9,"minecraft:tuff":3,"minecraft:oak_log":71,"minecraft:lapis_lazuli":75,"minecraft:dirt":58,"minecraft:bone":10,"minecraft:bow":2,"minecraft:wheat_seeds":8,"minecraft:moss_block":4,"regions_unexplored:yellow_lupine":1,"minecraft:sweet_berries":21,"minecraft:gravel":1,"minecraft:sand":22,"minecraft:amethyst_shard":4,"minecraft:spruce_log":6,"minecraft:spider_eye":4,"regions_unexplored:pink_lupine":1,"minecraft:dark_oak_log":2,"minecraft:slime_ball":10,"regions_unexplored:clover":19,"alexsmobs:maggot":2,"minecraft:coal":223},"minecraft:killed":{"minecraft:spider":12,"minecraft:slime":13,"minecraft:skeleton":14,"minecraft:chicken":18,"minecraft:drowned":2,"minecraft:pig":28,"minecraft:zombie_villager":1,"alexsmobs:seal":1,"minecraft:zombie":33,"alexsmobs:fly":1,"minecraft:cow":8},"minecraft:dropped":{"minecraft:cobblestone":1,"minecraft:music_disc_cat":1},"minecraft:custom":{"minecraft:mob_kills":132,"minecraft:interact_with_crafting_table":48,"minecraft:interact_with_campfire":4,"minecraft:damage_dealt_resisted":336,"minecraft:leave_game":9,"minecraft:time_since_death":133033,"minecraft:climb_one_cm":521,"minecraft:sprint_one_cm":246660,"minecraft:walk_one_cm":760543,"minecraft:damage_blocked_by_shield":180,"minecraft:drop":2,"minecraft:play_time":229622,"minecraft:deaths":1,"minecraft:sneak_time":1375,"minecraft:walk_under_water_one_cm":11437,"minecraft:boat_one_cm":103500,"minecraft:jump":2666,"minecraft:walk_on_water_one_cm":18780,"minecraft:total_world_time":229622,"minecraft:interact_with_furnace":124,"minecraft:sleep_in_bed":2,"minecraft:time_since_rest":124786,"minecraft:damage_taken":2710,"minecraft:damage_dealt":16445,"minecraft:player_kills":1,"minecraft:swim_one_cm":48667,"minecraft:fly_one_cm":199198,"minecraft:open_chest":14,"minecraft:crouch_one_cm":5319,"tombstone:undead_killed":27,"minecraft:fish_caught":8,"minecraft:fall_one_cm":51820}},"DataVersion":3465}