{"stats":{"minecraft:killed":{"minecraft:pig":5,"minecraft:spider":1,"minecraft:creeper":2,"minecraft:skeleton":22,"minecraft:sheep":4,"minecraft:zombie":32,"minecraft:cow":4},"minecraft:used":{"minecraft:cooked_mutton":6,"minecraft:water_bucket":2,"minecraft:diorite":5,"minecraft:stone_sword":42,"minecraft:redstone":4,"minecraft:stone_pickaxe":408,"minecraft:stone_shovel":26,"minecraft:orange_tulip":1,"minecraft:wooden_pickaxe":44,"minecraft:shield":33,"minecraft:iron_sword":189,"minecraft:iron_chestplate":1,"minecraft:white_wool":1,"minecraft:torch":199,"minecraft:dirt":6,"minecraft:spyglass":13,"minecraft:crafting_table":8,"minecraft:white_bed":2,"minecraft:dripstone_block":2,"minecraft:tuff":2,"minecraft:redstone_torch":16,"minecraft:diamond_pickaxe":14,"minecraft:lava_bucket":3,"minecraft:bread":11,"minecraft:iron_pickaxe":298,"minecraft:iron_helmet":1,"minecraft:stone_axe":71,"minecraft:cobblestone":130,"minecraft:furnace":3,"minecraft:oak_sapling":2,"minecraft:andesite":7,"minecraft:bucket":6,"minecraft:iron_leggings":1,"minecraft:cooked_beef":7,"minecraft:pointed_dripstone":1},"minecraft:custom":{"minecraft:interact_with_furnace":51,"minecraft:mob_kills":72,"minecraft:interact_with_crafting_table":25,"minecraft:leave_game":3,"minecraft:time_since_death":1143,"minecraft:sleep_in_bed":3,"minecraft:time_since_rest":1394,"minecraft:sprint_one_cm":138233,"minecraft:damage_taken":1608,"minecraft:walk_one_cm":489646,"minecraft:damage_blocked_by_shield":900,"minecraft:drop":14,"minecraft:damage_dealt":13187,"minecraft:swim_one_cm":22908,"minecraft:fly_one_cm":115808,"minecraft:open_chest":11,"minecraft:deaths":1,"minecraft:crouch_one_cm":4842,"minecraft:play_time":132437,"minecraft:sneak_time":1836,"minecraft:walk_under_water_one_cm":9893,"minecraft:jump":1659,"minecraft:interact_with_blast_furnace":1,"minecraft:walk_on_water_one_cm":25617,"minecraft:total_world_time":132437,"minecraft:fall_one_cm":22388},"minecraft:crafted":{"minecraft:cooked_beef":7,"minecraft:oak_planks":64,"minecraft:raw_iron":18,"minecraft:stone_shovel":1,"minecraft:crafting_table":3,"minecraft:spyglass":1,"minecraft:iron_helmet":1,"minecraft:wooden_pickaxe":1,"minecraft:iron_sword":1,"minecraft:furnace":3,"minecraft:copper_ingot":3,"minecraft:bucket":1,"minecraft:stone_axe":1,"minecraft:bread":45,"minecraft:cooked_mutton":6,"minecraft:air":0,"minecraft:diamond_pickaxe":1,"minecraft:iron_boots":1,"minecraft:iron_chestplate":1,"minecraft:charcoal":15,"minecraft:shield":1,"minecraft:stick":76,"minecraft:iron_ingot":78,"minecraft:iron_pickaxe":2,"minecraft:stone_pickaxe":5,"minecraft:stone_sword":1,"minecraft:iron_leggings":1,"minecraft:white_bed":1,"minecraft:redstone_torch":16,"minecraft:torch":176,"minecraft:wheat":135},"minecraft:mined":{"minecraft:deepslate_redstone_ore":5,"minecraft:tuff":11,"minecraft:white_bed":1,"minecraft:deepslate_diamond_ore":19,"minecraft:amethyst_cluster":1,"minecraft:obsidian":13,"minecraft:crafting_table":5,"minecraft:torch":8,"minecraft:grass_block":11,"minecraft:copper_ore":1,"minecraft:cobblestone":5,"minecraft:lapis_ore":2,"minecraft:deepslate_gold_ore":40,"minecraft:diorite":5,"minecraft:wall_torch":12,"minecraft:hay_block":15,"minecraft:raw_iron_block":2,"minecraft:iron_ore":31,"minecraft:andesite":12,"minecraft:orange_tulip":1,"minecraft:deepslate_lapis_ore":7,"minecraft:grass":7,"minecraft:oak_log":65,"minecraft:coal_ore":44,"minecraft:deepslate_iron_ore":121,"minecraft:dirt":37,"minecraft:stone":352,"minecraft:gold_ore":2,"minecraft:oak_leaves":6,"minecraft:deepslate":80},"minecraft:broken":{"minecraft:stone_pickaxe":1},"minecraft:picked_up":{"minecraft:crafting_table":5,"minecraft:andesite":7,"minecraft:leather":3,"minecraft:tuff":11,"minecraft:oak_log":90,"minecraft:gunpowder":6,"minecraft:lapis_lazuli":59,"minecraft:string":1,"minecraft:dirt":48,"minecraft:raw_copper":9,"minecraft:bone":17,"minecraft:bow":1,"minecraft:wheat_seeds":1,"minecraft:orange_tulip":1,"minecraft:cobbled_deepslate":94,"minecraft:raw_gold":42,"minecraft:beef":7,"minecraft:stick":4,"minecraft:raw_iron":150,"minecraft:copper_ingot":2,"minecraft:torch":23,"minecraft:dripstone_block":2,"minecraft:raw_iron_block":2,"minecraft:porkchop":12,"minecraft:amethyst_shard":4,"minecraft:pointed_dripstone":1,"minecraft:diorite":5,"minecraft:white_bed":1,"minecraft:redstone":25,"minecraft:arrow":30,"minecraft:rotten_flesh":30,"minecraft:diamond":19,"minecraft:hay_block":15,"minecraft:obsidian":12,"minecraft:oak_sapling":2,"minecraft:mutton":6,"minecraft:coal":44,"minecraft:white_wool":4,"minecraft:cobblestone":357},"minecraft:dropped":{"minecraft:wheat_seeds":1,"minecraft:oak_log":25,"minecraft:stone_sword":1,"minecraft:raw_copper":6,"minecraft:copper_ingot":3,"minecraft:leather_boots":1,"minecraft:leather_leggings":1,"minecraft:amethyst_shard":3,"minecraft:bow":1,"minecraft:wooden_pickaxe":1}},"DataVersion":3465}