{"stats":{"minecraft:mined":{"regions_unexplored:willow_shrub":1,"minecraft:purple_bed":2,"minecraft:birch_log":5,"minecraft:birch_leaves":2,"minecraft:crafting_table":1,"minecraft:grass":3,"minecraft:grass_block":3,"minecraft:coal_ore":42,"minecraft:campfire":1,"regions_unexplored:medium_grass":3,"minecraft:stone":47,"minecraft:diorite":2,"minecraft:oak_leaves":1},"minecraft:used":{"minecraft:diorite":9,"minecraft:stone_sword":24,"minecraft:stone_pickaxe":91,"minecraft:torch":5,"minecraft:dirt":11,"minecraft:cobblestone":1,"minecraft:purple_bed":2,"minecraft:crafting_table":1,"minecraft:furnace":1,"minecraft:potato":8},"minecraft:crafted":{"minecraft:crafting_table":1,"minecraft:stick":4,"minecraft:stone_pickaxe":1,"minecraft:stone_sword":1,"minecraft:furnace":1,"minecraft:torch":8,"minecraft:birch_planks":20},"minecraft:killed_by":{"minecraft:creeper":1,"alexsmobs:grizzly_bear":1},"minecraft:picked_up":{"minecraft:birch_log":5,"regions_unexplored:peat_dirt":20,"minecraft:charcoal":2,"minecraft:stick":4,"minecraft:crafting_table":1,"minecraft:potato":4,"minecraft:diorite":11,"minecraft:dirt":11,"minecraft:purple_bed":2,"minecraft:rotten_flesh":4,"regions_unexplored:willow_shrub":1,"minecraft:coal":44,"minecraft:cobblestone":49},"minecraft:killed":{"minecraft:zombie":3,"alexsmobs:crow":1},"minecraft:custom":{"minecraft:time_since_rest":1,"minecraft:sprint_one_cm":72216,"minecraft:damage_taken":785,"minecraft:walk_one_cm":101154,"minecraft:mob_kills":4,"minecraft:damage_dealt":732,"minecraft:swim_one_cm":2818,"minecraft:interact_with_crafting_table":2,"minecraft:fly_one_cm":105937,"minecraft:open_chest":1,"tombstone:undead_killed":3,"minecraft:crouch_one_cm":344,"minecraft:play_time":29201,"minecraft:deaths":3,"minecraft:bell_ring":4,"minecraft:sneak_time":247,"minecraft:walk_under_water_one_cm":656,"minecraft:jump":748,"minecraft:leave_game":2,"minecraft:time_since_death":1271,"minecraft:walk_on_water_one_cm":1241,"minecraft:sleep_in_bed":1,"minecraft:total_world_time":29201,"minecraft:fall_one_cm":13407}},"DataVersion":3465}