{"stats":{"minecraft:killed":{"minecraft:skeleton":3,"minecraft:pig":9,"minecraft:frog":1,"minecraft:sheep":4,"minecraft:zombie":10,"minecraft:cow":3},"minecraft:used":{"minecraft:flint_and_steel":9,"minecraft:chest":1,"minecraft:shield":33,"minecraft:iron_sword":100,"minecraft:netherrack":148,"minecraft:torch":47,"minecraft:granite":16,"minecraft:lava_bucket":19,"minecraft:lantern":1,"minecraft:iron_boots":1,"minecraft:furnace":3,"minecraft:iron_leggings":2,"minecraft:water_bucket":4,"minecraft:diorite":5,"minecraft:stone_pickaxe":263,"minecraft:wooden_pickaxe":3,"minecraft:polished_blackstone_bricks":36,"minecraft:rail":1,"minecraft:oak_slab":3,"minecraft:crafting_table":4,"minecraft:white_bed":1,"minecraft:crying_obsidian":1,"minecraft:cracked_polished_blackstone_bricks":14,"minecraft:iron_pickaxe":677,"minecraft:gravel":1,"minecraft:stone_axe":37,"minecraft:cobblestone":110,"minecraft:cooked_porkchop":11,"minecraft:bucket":24,"minecraft:chest_minecart":1},"minecraft:custom":{"minecraft:mob_kills":31,"minecraft:interact_with_crafting_table":31,"minecraft:leave_game":3,"minecraft:time_since_death":6681,"minecraft:climb_one_cm":124,"minecraft:sprint_one_cm":140095,"minecraft:walk_one_cm":181107,"minecraft:damage_blocked_by_shield":690,"minecraft:drop":65,"minecraft:play_time":93603,"minecraft:deaths":3,"minecraft:sneak_time":16046,"minecraft:walk_under_water_one_cm":7048,"minecraft:jump":1366,"minecraft:walk_on_water_one_cm":21886,"minecraft:total_world_time":93603,"minecraft:interact_with_furnace":33,"minecraft:sleep_in_bed":3,"minecraft:time_since_rest":6709,"minecraft:damage_taken":1470,"minecraft:damage_dealt":4025,"minecraft:swim_one_cm":14366,"minecraft:fly_one_cm":160628,"minecraft:open_chest":20,"minecraft:crouch_one_cm":41237,"minecraft:fall_one_cm":30540},"minecraft:crafted":{"minecraft:oak_planks":56,"minecraft:furnace":2,"minecraft:flint_and_steel":1,"minecraft:iron_boots":1,"minecraft:iron_axe":1,"minecraft:stone_pickaxe":2,"minecraft:chest":1,"minecraft:cooked_beef":5,"minecraft:oak_slab":6,"minecraft:cooked_porkchop":18,"minecraft:crafting_table":3,"minecraft:wooden_pickaxe":1,"minecraft:iron_helmet":1,"minecraft:iron_sword":1,"minecraft:bucket":3,"minecraft:stone_axe":1,"minecraft:air":0,"minecraft:iron_chestplate":1,"minecraft:shield":1,"minecraft:stick":28,"minecraft:iron_ingot":85,"minecraft:iron_pickaxe":4,"minecraft:iron_leggings":2,"minecraft:gold_ingot":36,"minecraft:white_bed":1,"minecraft:torch":44,"minecraft:shears":1},"minecraft:mined":{"minecraft:tuff":6,"minecraft:deepslate_diamond_ore":1,"minecraft:granite":38,"minecraft:cracked_polished_blackstone_bricks":30,"minecraft:nether_wart":5,"minecraft:polished_blackstone_bricks":81,"minecraft:tall_seagrass":1,"minecraft:glowstone":1,"minecraft:furnace":1,"minecraft:iron_ore":58,"minecraft:fire":13,"minecraft:andesite":17,"minecraft:deepslate_lapis_ore":4,"minecraft:gold_block":3,"minecraft:rail":1,"minecraft:lantern":1,"minecraft:stone":267,"minecraft:oak_slab":2,"minecraft:blackstone":12,"minecraft:basalt":7,"minecraft:crafting_table":1,"minecraft:clay":1,"minecraft:tall_grass":4,"minecraft:cobblestone":18,"minecraft:lily_pad":2,"minecraft:sugar_cane":47,"minecraft:diorite":38,"minecraft:wall_torch":2,"minecraft:seagrass":1,"minecraft:orange_tulip":9,"minecraft:grass":33,"minecraft:oak_log":14,"minecraft:coal_ore":42,"minecraft:gravel":7,"minecraft:dirt":3,"minecraft:netherrack":295,"minecraft:oak_leaves":22,"minecraft:deepslate":11},"minecraft:killed_by":{"minecraft:piglin_brute":3},"minecraft:broken":{"minecraft:stone_pickaxe":2,"minecraft:iron_pickaxe":1},"minecraft:picked_up":{"minecraft:crafting_table":1,"minecraft:iron_chestplate":2,"minecraft:splash_potion":2,"minecraft:nether_wart":42,"minecraft:clay_ball":4,"minecraft:chest_minecart":1,"minecraft:gold_block":4,"minecraft:enchanted_book":1,"minecraft:gilded_blackstone":7,"minecraft:shield":1,"minecraft:string":21,"minecraft:iron_axe":2,"minecraft:flint_and_steel":2,"minecraft:iron_leggings":2,"minecraft:blackstone":44,"minecraft:detector_rail":3,"minecraft:cobbled_deepslate":11,"minecraft:beef":7,"minecraft:netherite_upgrade_smithing_template":1,"minecraft:iron_nugget":54,"minecraft:iron_pickaxe":3,"minecraft:sugar_cane":89,"minecraft:furnace":1,"minecraft:iron_boots":2,"minecraft:golden_helmet":1,"minecraft:stick":2,"minecraft:raw_iron":58,"minecraft:torch":20,"minecraft:porkchop":18,"minecraft:polished_blackstone_bricks":91,"minecraft:diorite":24,"minecraft:redstone":18,"minecraft:golden_chestplate":2,"minecraft:arrow":24,"minecraft:rotten_flesh":9,"minecraft:shears":2,"minecraft:iron_block":3,"minecraft:gold_ingot":65,"minecraft:obsidian":8,"minecraft:rail":7,"minecraft:white_wool":8,"minecraft:cobblestone":303,"minecraft:basalt":14,"minecraft:cooked_beef":10,"minecraft:magma_cream":4,"minecraft:golden_carrot":26,"minecraft:andesite":17,"minecraft:leather":31,"minecraft:flint":2,"minecraft:tuff":5,"minecraft:oak_log":14,"minecraft:lily_pad":2,"minecraft:ancient_debris":1,"minecraft:lapis_lazuli":21,"minecraft:dirt":2,"minecraft:lantern":1,"minecraft:cooked_mutton":15,"minecraft:bone":4,"minecraft:wheat_seeds":4,"minecraft:orange_tulip":14,"minecraft:iron_ingot":16,"minecraft:glowstone_dust":3,"minecraft:soul_sand":4,"minecraft:iron_sword":2,"minecraft:oak_planks":18,"minecraft:oak_slab":3,"minecraft:cooked_porkchop":26,"minecraft:gravel":21,"minecraft:crying_obsidian":18,"minecraft:pumpkin_seeds":3,"minecraft:diamond":1,"minecraft:cracked_polished_blackstone_bricks":32,"minecraft:iron_helmet":2,"minecraft:crossbow":2,"minecraft:granite":33,"minecraft:piglin_banner_pattern":1,"minecraft:oak_sapling":2,"minecraft:netherrack":329,"minecraft:coal":55},"minecraft:dropped":{"minecraft:wheat_seeds":4,"minecraft:orange_tulip":14,"minecraft:cobblestone":68,"minecraft:granite":17,"minecraft:flint":1,"minecraft:dirt":2,"minecraft:diorite":3,"minecraft:gold_ingot":63,"minecraft:bone":4,"minecraft:gravel":2,"minecraft:rotten_flesh":9,"minecraft:andesite":17,"minecraft:basalt":7,"minecraft:arrow":3,"minecraft:wooden_pickaxe":1,"minecraft:netherrack":65}},"DataVersion":3465}