{"stats":{"minecraft:broken":{"minecraft:stone_pickaxe":1},"minecraft:mined":{"minecraft:crafting_table":5,"minecraft:granite":4,"minecraft:grass_block":18,"regions_unexplored:pine_shrub":1,"minecraft:copper_ore":1,"minecraft:tall_grass":3,"minecraft:cobblestone":10,"regions_unexplored:purple_coneflower":2,"minecraft:spruce_leaves":1,"minecraft:lapis_ore":6,"minecraft:sugar_cane":1,"regions_unexplored:raw_redstone_block":2,"minecraft:diorite":33,"minecraft:wall_torch":1,"minecraft:large_fern":2,"minecraft:seagrass":2,"minecraft:tall_seagrass":7,"regions_unexplored:pointed_redstone":4,"minecraft:furnace":3,"regions_unexplored:sandy_tall_grass":1,"regions_unexplored:redstone_bud":1,"minecraft:birch_log":13,"minecraft:iron_ore":31,"minecraft:spruce_log":2,"minecraft:andesite":1,"minecraft:birch_leaves":1,"regions_unexplored:sandy_grass":2,"minecraft:peony":6,"minecraft:grass":17,"regions_unexplored:oak_shrub":1,"minecraft:oak_log":28,"minecraft:coal_ore":53,"regions_unexplored:dark_oak_shrub":1,"minecraft:gravel":3,"minecraft:sand":3,"minecraft:dirt":43,"regions_unexplored:medium_grass":18,"minecraft:netherrack":24,"minecraft:stone":324,"minecraft:oak_leaves":8},"minecraft:used":{"minecraft:water_bucket":3,"minecraft:diorite":17,"minecraft:flint_and_steel":1,"minecraft:stone_pickaxe":252,"minecraft:shield":1,"minecraft:chest":2,"minecraft:wooden_pickaxe":10,"minecraft:cooked_salmon":11,"minecraft:rotten_flesh":2,"minecraft:netherrack":20,"minecraft:salmon":1,"minecraft:torch":22,"minecraft:dirt":47,"minecraft:sand":1,"minecraft:crafting_table":7,"minecraft:white_bed":1,"minecraft:lava_bucket":10,"minecraft:iron_axe":29,"minecraft:iron_pickaxe":243,"minecraft:stone_axe":127,"minecraft:cobblestone":42,"minecraft:furnace":4,"minecraft:bucket":14,"minecraft:andesite":1,"minecraft:cooked_beef":1},"minecraft:crafted":{"minecraft:crafting_table":2,"minecraft:wooden_pickaxe":1,"minecraft:iron_helmet":1,"minecraft:furnace":1,"minecraft:cooked_salmon":11,"minecraft:bucket":2,"minecraft:birch_planks":48,"minecraft:stone_axe":1,"minecraft:air":0,"minecraft:flint_and_steel":1,"minecraft:iron_boots":1,"minecraft:iron_chestplate":1,"minecraft:shield":1,"minecraft:iron_axe":1,"minecraft:stick":24,"minecraft:iron_ingot":20,"minecraft:iron_pickaxe":1,"minecraft:stone_pickaxe":3,"minecraft:white_bed":1,"minecraft:chest":2,"minecraft:torch":32,"minecraft:cooked_beef":8},"minecraft:picked_up":{"regions_unexplored:pointed_redstone":4,"minecraft:birch_log":12,"minecraft:crafting_table":5,"minecraft:feather":3,"minecraft:glow_ink_sac":2,"minecraft:andesite":1,"minecraft:salmon":14,"minecraft:flint":1,"minecraft:oak_log":28,"minecraft:lapis_lazuli":33,"minecraft:dirt":61,"minecraft:raw_copper":3,"minecraft:wheat_seeds":3,"minecraft:beef":8,"minecraft:iron_ingot":11,"alexsmobs:raccoon_tail":1,"minecraft:sugar_cane":3,"minecraft:furnace":3,"minecraft:stick":4,"minecraft:raw_iron":31,"minecraft:cooked_porkchop":4,"minecraft:gravel":2,"minecraft:torch":1,"regions_unexplored:oak_shrub":1,"minecraft:porkchop":4,"minecraft:sand":3,"regions_unexplored:raw_redstone_block":2,"minecraft:diorite":33,"minecraft:spruce_log":2,"minecraft:redstone":1,"regions_unexplored:purple_coneflower":8,"minecraft:rotten_flesh":3,"minecraft:peony":6,"minecraft:granite":4,"alexsmobs:maggot":2,"regions_unexplored:dark_oak_shrub":1,"minecraft:oak_sapling":3,"minecraft:netherrack":20,"minecraft:mutton":6,"minecraft:coal":86,"minecraft:white_wool":3,"minecraft:cobblestone":326},"minecraft:killed":{"minecraft:pig":2,"minecraft:salmon":14,"alexsmobs:raccoon":6,"minecraft:creeper":1,"minecraft:sheep":3,"alexsmobs:catfish":1,"alexsmobs:blue_jay":1,"minecraft:zombie":3,"alexsmobs:terrapin":2,"alexsmobs:bison":1,"alexsmobs:fly":1,"alexsmobs:crow":2,"minecraft:glow_squid":1},"minecraft:dropped":{"minecraft:wheat_seeds":2},"minecraft:custom":{"minecraft:interact_with_furnace":14,"minecraft:mob_kills":38,"minecraft:interact_with_crafting_table":25,"minecraft:leave_game":5,"minecraft:time_since_death":85615,"minecraft:sleep_in_bed":1,"minecraft:time_since_rest":2380,"minecraft:sprint_one_cm":78611,"minecraft:damage_taken":752,"minecraft:walk_one_cm":147000,"minecraft:damage_blocked_by_shield":30,"minecraft:drop":1,"minecraft:damage_dealt":3416,"minecraft:swim_one_cm":67391,"minecraft:fly_one_cm":116500,"minecraft:open_chest":6,"minecraft:crouch_one_cm":15379,"minecraft:play_time":85615,"tombstone:undead_killed":3,"minecraft:sneak_time":5731,"minecraft:walk_under_water_one_cm":28745,"minecraft:jump":1064,"minecraft:walk_on_water_one_cm":24859,"minecraft:total_world_time":85615,"minecraft:fall_one_cm":16495}},"DataVersion":3465}